4x4x4 Cube Combined First Round,Aarun Devgan,AZ 1
4x4x4 Cube Combined First Round,Albert You,0
4x4x4 Cube Combined First Round,Alex Davani,0
4x4x4 Cube Combined First Round,Alex Johnson,AZ 3
4x4x4 Cube Combined First Round,Alex Yang,NV 2
4x4x4 Cube Combined First Round,Andrew Nathenson,0
4x4x4 Cube Combined First Round,Ansuman Somasundaram,0
4x4x4 Cube Combined First Round,Ant Irizarry,CA 3
4x4x4 Cube Combined First Round,Bill McGaugh,CA 2
4x4x4 Cube Combined First Round,Brandon Lin,0
4x4x4 Cube Combined First Round,Bryden Rey Mendoza,CA 2
4x4x4 Cube Combined First Round,Calix Tang,NV 3
4x4x4 Cube Combined First Round,Calvin K. Smith,CA 1
4x4x4 Cube Combined First Round,Calvin Nielson,0
4x4x4 Cube Combined First Round,Cary Huang,0
4x4x4 Cube Combined First Round,Charlie Heffernan,NV 2
4x4x4 Cube Combined First Round,Chia-Wei Lu,CA 1
4x4x4 Cube Combined First Round,Christian Martin,0
4x4x4 Cube Combined First Round,Christopher Yen,0
4x4x4 Cube Combined First Round,Colton Johnston,NV 1
4x4x4 Cube Combined First Round,Danny SungIn Park,0
4x4x4 Cube Combined First Round,David Adams,AZ 3
4x4x4 Cube Combined First Round,Dawson Lam,AZ 3
4x4x4 Cube Combined First Round,Devin Corr-Robinett,CA 3
4x4x4 Cube Combined First Round,Diego Asencio,AZ 1
4x4x4 Cube Combined First Round,Edward Lin,AZ 3
4x4x4 Cube Combined First Round,Efrem Blitz,NV 3
4x4x4 Cube Combined First Round,Elijah Brown,CA 3
4x4x4 Cube Combined First Round,Elijah M. Perez,CA 1
4x4x4 Cube Combined First Round,Elliot Hawkins,NV 2
4x4x4 Cube Combined First Round,Eric Zhao,0
4x4x4 Cube Combined First Round,Ethan Lin,CA 3
4x4x4 Cube Combined First Round,Ethan Littlejohn,CA 3
4x4x4 Cube Combined First Round,Evan Mann,NV 2
4x4x4 Cube Combined First Round,Gael Ian Flores,NV 1
4x4x4 Cube Combined First Round,Graham Siggins,AZ 2
4x4x4 Cube Combined First Round,Henry McNamara,CA 2
4x4x4 Cube Combined First Round,Hudson Sakai,CA 2
4x4x4 Cube Combined First Round,Huxley Alexander,AZ 1
4x4x4 Cube Combined First Round,Isabella Corona,NV 3
4x4x4 Cube Combined First Round,Jack Leo Wilson,CA 1
4x4x4 Cube Combined First Round,Jacob Posner,0
4x4x4 Cube Combined First Round,Jaden Burkhardt,NV 3
4x4x4 Cube Combined First Round,Jandell Ryan Ko,NV 2
4x4x4 Cube Combined First Round,Jason Ostdiek,AZ 2
4x4x4 Cube Combined First Round,Jeff Park,0
4x4x4 Cube Combined First Round,Jeongyoon Yeo,NV 1
4x4x4 Cube Combined First Round,Jeremy Benik,0
4x4x4 Cube Combined First Round,Jeremy Fleischman,0
4x4x4 Cube Combined First Round,Joe Branch,AZ 1
4x4x4 Cube Combined First Round,Jonathan Cookmeyer,0
4x4x4 Cube Combined First Round,Josh Camia,AZ 1
4x4x4 Cube Combined First Round,Joshua Mizumoto,CA 1
4x4x4 Cube Combined First Round,Jungwoo Kim,AZ 2
4x4x4 Cube Combined First Round,Karen Tu,AZ 2
4x4x4 Cube Combined First Round,Keaton Ellis,0
4x4x4 Cube Combined First Round,Kevin Hays,AZ 3
4x4x4 Cube Combined First Round,Kevin Matthews,0
4x4x4 Cube Combined First Round,Kian Kwa,CA 2
4x4x4 Cube Combined First Round,Kyle Hong,NV 1
4x4x4 Cube Combined First Round,Kyle Lin,AZ 1
4x4x4 Cube Combined First Round,Lucas Mizumoto,CA 1
4x4x4 Cube Combined First Round,Mark Boyanowski,AZ 2
4x4x4 Cube Combined First Round,Mark Harris,CA 2
4x4x4 Cube Combined First Round,Mateus Odom,NV 1
4x4x4 Cube Combined First Round,Matthew Dickman,0
4x4x4 Cube Combined First Round,Max Park,AZ 3
4x4x4 Cube Combined First Round,Michael Chai,0
4x4x4 Cube Combined First Round,Michael Young,0
4x4x4 Cube Combined First Round,Miguel Diaz,AZ 1
4x4x4 Cube Combined First Round,Mitchell Lane,0
4x4x4 Cube Combined First Round,Nathan Nakaguchi,NV 3
4x4x4 Cube Combined First Round,Nathan Peck,NV 3
4x4x4 Cube Combined First Round,Nathan Wu,NV 3
4x4x4 Cube Combined First Round,Neel Gore,0
4x4x4 Cube Combined First Round,Neil Johnson,CA 3
4x4x4 Cube Combined First Round,Nick Anderson,NV 1
4x4x4 Cube Combined First Round,Nicolas Harper,NV 3
4x4x4 Cube Combined First Round,Nitin Subramanian,0
4x4x4 Cube Combined First Round,Pablo Nava,NV 2
4x4x4 Cube Combined First Round,Patric Waworuntu,CA 2
4x4x4 Cube Combined First Round,Paul Mahvi,0
4x4x4 Cube Combined First Round,Reuben San Luis,NV 2
4x4x4 Cube Combined First Round,Riley Woo,AZ 2
4x4x4 Cube Combined First Round,Ryan Jew,0
4x4x4 Cube Combined First Round,Ryan Lee,AZ 3
4x4x4 Cube Combined First Round,Ryan Woytowitz,NV 2
4x4x4 Cube Combined First Round,Samuel Tong,CA 1
4x4x4 Cube Combined First Round,Scott Weston,AZ 3
4x4x4 Cube Combined First Round,Sean Wang,CA 1
4x4x4 Cube Combined First Round,Shane Grogan,AZ 2
4x4x4 Cube Combined First Round,Siddharth Manchkanti,AZ 2
4x4x4 Cube Combined First Round,Sophie Chan,NV 2
4x4x4 Cube Combined First Round,Spencer Lorenzen,AZ 1
4x4x4 Cube Combined First Round,Spencer Stutzman,NV 1
4x4x4 Cube Combined First Round,Stanley Chapel,AZ 2
4x4x4 Cube Combined First Round,Stanley Nerkowski IV,0
4x4x4 Cube Combined First Round,Timothy Castle,CA 3
4x4x4 Cube Combined First Round,Ty Marshall,0
4x4x4 Cube Combined First Round,Tyler Howlett,0
4x4x4 Cube Combined First Round,Will Newhoff,AZ 3
4x4x4 Cube Combined First Round,Yash Bansal,CA 3
4x4x4 Cube Combined First Round,Zach Goldman,0
4x4x4 Cube Combined First Round,Zachary Clark,CA 3
4x4x4 Cube Combined First Round,Zander Verhoeven,NV 1
4x4x4 Cube Combined First Round,Zeke Miller,CA 2
4x4x4 Cube Combined First Round,Ziqi Li,NV 1
Megaminx Combined First Round,Alex Davani,0
Megaminx Combined First Round,Alex Yang,UT 3
Megaminx Combined First Round,Ant Irizarry,CO 1
Megaminx Combined First Round,Brandon Lin,0
Megaminx Combined First Round,Bryden Rey Mendoza,UT 3
Megaminx Combined First Round,Calvin Nielson,0
Megaminx Combined First Round,Cary Huang,0
Megaminx Combined First Round,Chia-Wei Lu,UT 2
Megaminx Combined First Round,Christian Martin,0
Megaminx Combined First Round,Danny SungIn Park,0
Megaminx Combined First Round,Dawson Lam,UT 1
Megaminx Combined First Round,Devin Corr-Robinett,UT 2
Megaminx Combined First Round,Efrem Blitz,CO 2
Megaminx Combined First Round,Elijah Brown,UT 1
Megaminx Combined First Round,Eric Zhao,0
Megaminx Combined First Round,Ethan Littlejohn,UT 2
Megaminx Combined First Round,Evan Mann,UT 3
Megaminx Combined First Round,Graham Siggins,CO 1
Megaminx Combined First Round,Henry McNamara,CO 3
Megaminx Combined First Round,Hudson Sakai,UT 3
Megaminx Combined First Round,Jack Leo Wilson,CO 3
Megaminx Combined First Round,Jacob Posner,0
Megaminx Combined First Round,Jaden Burkhardt,UT 1
Megaminx Combined First Round,Jandell Ryan Ko,CO 3
Megaminx Combined First Round,Jason Ostdiek,CO 1
Megaminx Combined First Round,Jeongyoon Yeo,UT 3
Megaminx Combined First Round,Jeremy Benik,0
Megaminx Combined First Round,Joe Branch,CO 3
Megaminx Combined First Round,Jonathan Cookmeyer,0
Megaminx Combined First Round,Josh Camia,CO 3
Megaminx Combined First Round,Jungwoo Kim,CO 1
Megaminx Combined First Round,Karen Tu,CO 1
Megaminx Combined First Round,Keaton Ellis,0
Megaminx Combined First Round,Kevin Matthews,0
Megaminx Combined First Round,Kyle Lin,UT 2
Megaminx Combined First Round,Mark Boyanowski,CO 1
Megaminx Combined First Round,Matthew Dickman,0
Megaminx Combined First Round,Michael Chai,0
Megaminx Combined First Round,Michael Young,0
Megaminx Combined First Round,Mitchell Lane,0
Megaminx Combined First Round,Nathan Nakaguchi,CO 2
Megaminx Combined First Round,Nathan Peck,UT 1
Megaminx Combined First Round,Neel Gore,0
Megaminx Combined First Round,Neil Johnson,UT 1
Megaminx Combined First Round,Nicolas Harper,CO 2
Megaminx Combined First Round,Paul Mahvi,0
Megaminx Combined First Round,Reuben San Luis,UT 1
Megaminx Combined First Round,Riley Woo,CO 1
Megaminx Combined First Round,Ryan Jew,0
Megaminx Combined First Round,Ryan Woytowitz,CO 3
Megaminx Combined First Round,Samuel Tong,UT 2
Megaminx Combined First Round,Scott Weston,UT 2
Megaminx Combined First Round,Sean Wang,CO 3
Megaminx Combined First Round,Shane Grogan,CO 1
Megaminx Combined First Round,Siddharth Manchkanti,CO 1
Megaminx Combined First Round,Sophie Chan,UT 1
Megaminx Combined First Round,Stanley Chapel,CO 1
Megaminx Combined First Round,Stanley Nerkowski IV,0
Megaminx Combined First Round,Timothy Castle,CO 2
Megaminx Combined First Round,Ty Marshall,0
Megaminx Combined First Round,Tyler Howlett,0
Megaminx Combined First Round,Zachary Clark,UT 2
Megaminx Combined First Round,Zeke Miller,UT 3
3x3x3 Multi-Blind,Alex Davani,HI 1
3x3x3 Multi-Blind,Andrew Nathenson,HI 3
3x3x3 Multi-Blind,Calvin Nielson,HI 1
3x3x3 Multi-Blind,Chia-Wei Lu,HI 3
3x3x3 Multi-Blind,Danny SungIn Park,HI 3
3x3x3 Multi-Blind,Graham Siggins,HI 3
3x3x3 Multi-Blind,Jacob Posner,HI 3
3x3x3 Multi-Blind,Jae Park,HI1
3x3x3 Multi-Blind,Jason Ostdiek,HI 3
3x3x3 Multi-Blind,Jeff Park,HI 1
3x3x3 Multi-Blind,Jungwoo Kim,HI 3
3x3x3 Multi-Blind,Keaton Ellis,HI 2
3x3x3 Multi-Blind,Kevin Matthews,HI 2
3x3x3 Multi-Blind,Mark Boyanowski,HI 3
3x3x3 Multi-Blind,Nitin Subramanian,HI 1
3x3x3 Multi-Blind,Riley Woo,HI 3
3x3x3 Multi-Blind,Ryan Jew,HI 3
3x3x3 Multi-Blind,Shane Grogan,HI 3
3x3x3 Multi-Blind,Siddharth Manchkanti,HI 3
3x3x3 Multi-Blind,Spencer Stutzman,HI 2
3x3x3 Multi-Blind,Stanley Chapel,HI 3
3x3x3 Multi-Blind,Ty Marshall,HI 3
6x6x6 Cube Combined Final Round,Alex Davani,0
6x6x6 Cube Combined Final Round,Alex Yang,UT 1
6x6x6 Cube Combined Final Round,Andrew Nathenson,0
6x6x6 Cube Combined Final Round,Ant Irizarry,CO 2
6x6x6 Cube Combined Final Round,Brandon Lin,0
6x6x6 Cube Combined Final Round,Calix Tang,CO 1
6x6x6 Cube Combined Final Round,Calvin Nielson,0
6x6x6 Cube Combined Final Round,Cary Huang,0
6x6x6 Cube Combined Final Round,Christian Martin,0
6x6x6 Cube Combined Final Round,Danny SungIn Park,0
6x6x6 Cube Combined Final Round,David Adams,CO 2
6x6x6 Cube Combined Final Round,Dawson Lam,CO 1
6x6x6 Cube Combined Final Round,Devin Corr-Robinett,CO 1
6x6x6 Cube Combined Final Round,Edward Lin,CO 2
6x6x6 Cube Combined Final Round,Efrem Blitz,UT 1
6x6x6 Cube Combined Final Round,Elijah Brown,CO 1
6x6x6 Cube Combined Final Round,Eric Zhao,0
6x6x6 Cube Combined Final Round,Ethan Littlejohn,CO 2
6x6x6 Cube Combined Final Round,Graham Siggins,UT 2
6x6x6 Cube Combined Final Round,Henry McNamara,CO 1
6x6x6 Cube Combined Final Round,Jacob Posner,0
6x6x6 Cube Combined Final Round,Jaden Burkhardt,UT 2
6x6x6 Cube Combined Final Round,Jeremy Benik,0
6x6x6 Cube Combined Final Round,Joe Branch,CO 1
6x6x6 Cube Combined Final Round,Jonathan Cookmeyer,0
6x6x6 Cube Combined Final Round,Keaton Ellis,0
6x6x6 Cube Combined Final Round,Kevin Hays,CO 2
6x6x6 Cube Combined Final Round,Kevin Matthews,0
6x6x6 Cube Combined Final Round,Mark Boyanowski,UT 2
6x6x6 Cube Combined Final Round,Max Park,CO 2
6x6x6 Cube Combined Final Round,Michael Chai,0
6x6x6 Cube Combined Final Round,Michael Young,0
6x6x6 Cube Combined Final Round,Mitchell Lane,0
6x6x6 Cube Combined Final Round,Nathan Peck,CO 2
6x6x6 Cube Combined Final Round,Nicolas Harper,UT 1
6x6x6 Cube Combined Final Round,Paul Mahvi,0
6x6x6 Cube Combined Final Round,Reuben San Luis,UT 1
6x6x6 Cube Combined Final Round,Riley Woo,UT 2
6x6x6 Cube Combined Final Round,Ryan Jew,0
6x6x6 Cube Combined Final Round,Shane Grogan,UT 2
6x6x6 Cube Combined Final Round,Siddharth Manchkanti,UT 2
6x6x6 Cube Combined Final Round,Spencer Stutzman,UT 2
6x6x6 Cube Combined Final Round,Stanley Chapel,UT 2
6x6x6 Cube Combined Final Round,Stanley Nerkowski IV,0
6x6x6 Cube Combined Final Round,Timothy Castle,UT 1
6x6x6 Cube Combined Final Round,Ty Marshall,0
6x6x6 Cube Combined Final Round,Tyler Howlett,0
6x6x6 Cube Combined Final Round,Will Newhoff,CO 2
6x6x6 Cube Combined Final Round,Zach Goldman,0
6x6x6 Cube Combined Final Round,Zachary Clark,CO 1
6x6x6 Cube Combined Final Round,Zeke Miller,UT 1
Skewb Combined First Round,Akash Anand,NV 2
Skewb Combined First Round,Alex Davani,AZ 1
Skewb Combined First Round,Alex Vogel,CA 1
Skewb Combined First Round,Alex Yang,AZ 3
Skewb Combined First Round,Alexander Tenev,CA 1
Skewb Combined First Round,Andrew Nathenson,CA 4
Skewb Combined First Round,Brandon Lin,CA 1
Skewb Combined First Round,Calvin Nielson,NV 2
Skewb Combined First Round,Cary Huang,CA 3
Skewb Combined First Round,Charlie Heffernan,AZ 3
Skewb Combined First Round,Christian Martin,AZ 3
Skewb Combined First Round,Christopher Yen,CA 1
Skewb Combined First Round,Daniel Lin,NV 1
Skewb Combined First Round,Danny SungIn Park,CA 3
Skewb Combined First Round,David Skirmont,AZ 2
Skewb Combined First Round,Dawson Lam,AZ 3
Skewb Combined First Round,Derek Ono,CA 2
Skewb Combined First Round,Devin Corr-Robinett,AZ 3
Skewb Combined First Round,Diego Asencio,NV 1
Skewb Combined First Round,Efrem Blitz,AZ 4
Skewb Combined First Round,Elijah Brown,AZ 4
Skewb Combined First Round,Elijah M. Perez,CA 2
Skewb Combined First Round,Elliot Hawkins,NV 2
Skewb Combined First Round,Eric Zhao,NV 1
Skewb Combined First Round,Ethan Littlejohn,NV 2
Skewb Combined First Round,Evan Mann,CA 4
Skewb Combined First Round,Graham Siggins,NV 4
Skewb Combined First Round,Henry McNamara,AZ 3
Skewb Combined First Round,Hudson Sakai,CA 3
Skewb Combined First Round,Huxley Alexander,NV 1
Skewb Combined First Round,Jack Leo Wilson,CA 1
Skewb Combined First Round,Jacob Moore,CA 4
Skewb Combined First Round,Jacob Posner,CA 3
Skewb Combined First Round,Jaden Burkhardt,NV 2
Skewb Combined First Round,James Vanek,CA 2
Skewb Combined First Round,Jandell Ryan Ko,AZ 4
Skewb Combined First Round,Jason Ostdiek,AZ 2
Skewb Combined First Round,Jeremy Benik,CA 2
Skewb Combined First Round,Joe Branch,NV 3
Skewb Combined First Round,Jonathan Cookmeyer,NV 4
Skewb Combined First Round,Josh Camia,NV 1
Skewb Combined First Round,Jungwoo Kim,AZ 4
Skewb Combined First Round,Keaton Ellis,CA 2
Skewb Combined First Round,Kevin Matthews,AZ 2
Skewb Combined First Round,Kian Kwa,CA 4
Skewb Combined First Round,Kit Bailey,CA 2
Skewb Combined First Round,Kyle Hong,NV 1
Skewb Combined First Round,Kyle Lin,NV 1
Skewb Combined First Round,Logan Reyes,CA 1
Skewb Combined First Round,Mark Boyanowski,NV 4
Skewb Combined First Round,Mateus Odom,CA 4
Skewb Combined First Round,Matthew Dickman,CA 3
Skewb Combined First Round,Miguel Diaz,AZ 2
Skewb Combined First Round,Mitchell Lane,NV 3
Skewb Combined First Round,Nathan Nakaguchi,CA 3
Skewb Combined First Round,Nathan Peck,AZ 2
Skewb Combined First Round,Neil Johnson,AZ 3
Skewb Combined First Round,Nick Anderson,AZ 4
Skewb Combined First Round,Nicolas Harper,CA 4
Skewb Combined First Round,Nitin Subramanian,AZ 2
Skewb Combined First Round,Pablo Nava,AZ 4
Skewb Combined First Round,Paul Mahvi,AZ 1
Skewb Combined First Round,Rider Heise-Pearce,AZ 1
Skewb Combined First Round,Riley Woo,NV 4
Skewb Combined First Round,Roberto Mateo Valenciano,AZ 2
Skewb Combined First Round,Ryan Jew,CA 4
Skewb Combined First Round,Ryan Lee,NV 2
Skewb Combined First Round,Ryan Woytowitz,CA 2
Skewb Combined First Round,Samuel Tong,CA 1
Skewb Combined First Round,Satvik Reddy,AZ 1
Skewb Combined First Round,Scott Weston,CA 2
Skewb Combined First Round,Sean Wang,AZ 2
Skewb Combined First Round,Shane Grogan,NV 4
Skewb Combined First Round,Shane Robertson,NV 2
Skewb Combined First Round,Siddharth Manchkanti,NV 4
Skewb Combined First Round,Sonny Lodato,AZ 1
Skewb Combined First Round,Spencer Lorenzen,CA 1
Skewb Combined First Round,Spencer Stutzman,NV 4
Skewb Combined First Round,Stanley Chapel,NV 4
Skewb Combined First Round,Stanley Nerkowski IV,AZ 3
Skewb Combined First Round,Timothy Castle,NV 3
Skewb Combined First Round,Travis G. Kim,AZ 1
Skewb Combined First Round,Trenton Beyer,NV 2
Skewb Combined First Round,Ty Marshall,CA 3
Skewb Combined First Round,Tyler Howlett,NV 1
Skewb Combined First Round,Will Newhoff,AZ 1
Skewb Combined First Round,Yash Bansal,CA 3
Skewb Combined First Round,Zach Goldman,NV 3
Skewb Combined First Round,Zachary Clark,NV 3
Skewb Combined First Round,Zander Verhoeven,NV 3
Skewb Combined First Round,Zeke Miller,AZ 4
Skewb Combined First Round,Ziming Li,AZ 1
Skewb Combined First Round,Ziqi Li,NV 3
5x5x5 Blindfolded,Cary Huang,HI 2
5x5x5 Blindfolded,Daniel Lin,HI 1
5x5x5 Blindfolded,Graham Siggins,HI 2
5x5x5 Blindfolded,Jonathan Cookmeyer,HI 2
5x5x5 Blindfolded,Kevin Matthews,HI 3
5x5x5 Blindfolded,Mark Boyanowski,HI 2
5x5x5 Blindfolded,Matthew Dickman,HI 2
5x5x5 Blindfolded,Michael Young,HI 2
5x5x5 Blindfolded,Neel Gore,HI 2
5x5x5 Blindfolded,Riley Woo,HI 2
5x5x5 Blindfolded,Stanley Chapel,HI 2
7x7x7 Cube Combined Final Round,Alex Davani,0
7x7x7 Cube Combined Final Round,Ant Irizarry,NV 1
7x7x7 Cube Combined Final Round,Brandon Lin,0
7x7x7 Cube Combined Final Round,Calvin Nielson,0
7x7x7 Cube Combined Final Round,Cary Huang,0
7x7x7 Cube Combined Final Round,Christian Martin,0
7x7x7 Cube Combined Final Round,Danny SungIn Park,0
7x7x7 Cube Combined Final Round,David Adams,AZ 1
7x7x7 Cube Combined Final Round,Dawson Lam,AZ 1
7x7x7 Cube Combined Final Round,Devin Corr-Robinett,AZ 1
7x7x7 Cube Combined Final Round,Edward Lin,AZ 1
7x7x7 Cube Combined Final Round,Eric Zhao,0
7x7x7 Cube Combined Final Round,Ethan Littlejohn,UT 1
7x7x7 Cube Combined Final Round,Graham Siggins,NV 1
7x7x7 Cube Combined Final Round,Henry McNamara,UT 1
7x7x7 Cube Combined Final Round,Jacob Posner,0
7x7x7 Cube Combined Final Round,Jaden Burkhardt,UT 1
7x7x7 Cube Combined Final Round,Jeremy Benik,0
7x7x7 Cube Combined Final Round,Jonathan Cookmeyer,0
7x7x7 Cube Combined Final Round,Keaton Ellis,0
7x7x7 Cube Combined Final Round,Kevin Hays,CO 1
7x7x7 Cube Combined Final Round,Kevin Matthews,0
7x7x7 Cube Combined Final Round,Kian Kwa,UT 1
7x7x7 Cube Combined Final Round,Mark Boyanowski,NV 1
7x7x7 Cube Combined Final Round,Max Park,CO 1
7x7x7 Cube Combined Final Round,Michael Young,0
7x7x7 Cube Combined Final Round,Mitchell Lane,0
7x7x7 Cube Combined Final Round,Nathan Peck,CO 1
7x7x7 Cube Combined Final Round,Paul Mahvi,0
7x7x7 Cube Combined Final Round,Reuben San Luis,CA 1
7x7x7 Cube Combined Final Round,Riley Woo,CA 1
7x7x7 Cube Combined Final Round,Ryan Jew,0
7x7x7 Cube Combined Final Round,Shane Grogan,CO 1
7x7x7 Cube Combined Final Round,Siddharth Manchkanti,CA 1
7x7x7 Cube Combined Final Round,Stanley Chapel,CA 1
7x7x7 Cube Combined Final Round,Stanley Nerkowski IV,0
7x7x7 Cube Combined Final Round,Timothy Castle,NV 1
7x7x7 Cube Combined Final Round,Ty Marshall,0
7x7x7 Cube Combined Final Round,Tyler Howlett,0
7x7x7 Cube Combined Final Round,Will Newhoff,CO 1
7x7x7 Cube Combined Final Round,Zach Goldman,0
Pyraminx Combined First Round,Aarun Devgan,CA 1
Pyraminx Combined First Round,Aidan Costello,UT 3
Pyraminx Combined First Round,Albert You,CA 2
Pyraminx Combined First Round,Alex Davani,CO 1
Pyraminx Combined First Round,Alex Yang,CO 2
Pyraminx Combined First Round,Andrew Nathenson,CA 3
Pyraminx Combined First Round,Ant Irizarry,UT 2
Pyraminx Combined First Round,Austin Chen,AZ 3
Pyraminx Combined First Round,Brandon Lin,UT 3
Pyraminx Combined First Round,Caelen Fry,CO 1
Pyraminx Combined First Round,Calvin K. Smith,AZ 2
Pyraminx Combined First Round,Calvin Nielson,NV 3
Pyraminx Combined First Round,Cary Huang,CA 3
Pyraminx Combined First Round,Charlie Heffernan,UT 2
Pyraminx Combined First Round,Chase Pehrson,UT 1
Pyraminx Combined First Round,Chia-Wei Lu,CA 3
Pyraminx Combined First Round,Christian Martin,UT 3
Pyraminx Combined First Round,Danny SungIn Park,UT 1
Pyraminx Combined First Round,Dawson Lam,AZ 1
Pyraminx Combined First Round,Derek Ono,AZ 2
Pyraminx Combined First Round,Devin Corr-Robinett,NV 2
Pyraminx Combined First Round,Diego Asencio,NV 1
Pyraminx Combined First Round,Don Pio Salazar,UT 1
Pyraminx Combined First Round,Efrem Blitz,CO 3
Pyraminx Combined First Round,Elijah Brown,CO 3
Pyraminx Combined First Round,Elijah M. Perez,UT 2
Pyraminx Combined First Round,Elliot Hawkins,AZ 3
Pyraminx Combined First Round,Eric William McGaugh,NV 1
Pyraminx Combined First Round,Eric Zhao,CA 2
Pyraminx Combined First Round,Ethan Littlejohn,NV 2
Pyraminx Combined First Round,Evan Mann,CA 3
Pyraminx Combined First Round,Graham Siggins,NV 3
Pyraminx Combined First Round,Henry McNamara,AZ 2
Pyraminx Combined First Round,Huxley Alexander,CO 1
Pyraminx Combined First Round,Jack Leo Wilson,NV 1
Pyraminx Combined First Round,Jacob Posner,NV 2
Pyraminx Combined First Round,Jaden Gerstein,UT 1
Pyraminx Combined First Round,James Vanek,AZ 1
Pyraminx Combined First Round,Jandell Ryan Ko,CO 3
Pyraminx Combined First Round,Jason Ostdiek,NV 3
Pyraminx Combined First Round,Jeff Park,CA 3
Pyraminx Combined First Round,Jeremy Benik,CA 1
Pyraminx Combined First Round,Jerry Yan,NV 1
Pyraminx Combined First Round,Joe Branch,CO 2
Pyraminx Combined First Round,Jonathan Cookmeyer,CA 1
Pyraminx Combined First Round,Josh Camia,CO 1
Pyraminx Combined First Round,Joshua Peach,UT 1
Pyraminx Combined First Round,Jungwoo Kim,UT 3
Pyraminx Combined First Round,Keaton Ellis,AZ 3
Pyraminx Combined First Round,Kevin Matthews,UT 3
Pyraminx Combined First Round,Kian Jamali,AZ 1
Pyraminx Combined First Round,Kian Kwa,CA 2
Pyraminx Combined First Round,Kit Bailey,UT 2
Pyraminx Combined First Round,Kyle Hong,NV 1
Pyraminx Combined First Round,Kyle Lin,CO 1
Pyraminx Combined First Round,Levi Rubin,CO 2
Pyraminx Combined First Round,Logan Reyes,UT 2
Pyraminx Combined First Round,Lucas Mizumoto,CA 2
Pyraminx Combined First Round,Mark Boyanowski,NV 3
Pyraminx Combined First Round,Mateus Odom,AZ 2
Pyraminx Combined First Round,Matthew Dickman,CA 1
Pyraminx Combined First Round,Michael Chai,NV 1
Pyraminx Combined First Round,Michael Young,NV 2
Pyraminx Combined First Round,Miguel Diaz,AZ 2
Pyraminx Combined First Round,Mitchell Lane,NV 2
Pyraminx Combined First Round,Nathan Nakaguchi,CO 3
Pyraminx Combined First Round,Nathan Peck,NV 2
Pyraminx Combined First Round,Neil Johnson,CA 2
Pyraminx Combined First Round,Nick Anderson,CA 2
Pyraminx Combined First Round,Nicolas Harper,UT 3
Pyraminx Combined First Round,Pablo Nava,NV 2
Pyraminx Combined First Round,Paul Mahvi,AZ 3
Pyraminx Combined First Round,Rahil Pasha,CA 1
Pyraminx Combined First Round,Rider Heise-Pearce,UT 1
Pyraminx Combined First Round,Riley Woo,CA 1
Pyraminx Combined First Round,Roberto Mateo Valenciano,AZ 2
Pyraminx Combined First Round,Ryan Jew,UT 2
Pyraminx Combined First Round,Ryan Lee,AZ 3
Pyraminx Combined First Round,Saheb Sabharwal,CO 2
Pyraminx Combined First Round,Samuel Tong,AZ 1
Pyraminx Combined First Round,Satvik Reddy,AZ 3
Pyraminx Combined First Round,Scott Weston,CO 3
Pyraminx Combined First Round,Sean Wang,UT 2
Pyraminx Combined First Round,Shane Robertson,UT 1
Pyraminx Combined First Round,Siddharth Manchkanti,NV 3
Pyraminx Combined First Round,Spencer Lorenzen,AZ 1
Pyraminx Combined First Round,Spencer Stutzman,CA 3
Pyraminx Combined First Round,Stanley Chapel,NV 3
Pyraminx Combined First Round,Stanley Nerkowski IV,CO 3
Pyraminx Combined First Round,Sukumar Reddy Dumpa,NV 1
Pyraminx Combined First Round,Tegshburen Tunamal,CO 1
Pyraminx Combined First Round,Timothy Castle,UT 3
Pyraminx Combined First Round,Travis G. Kim,AZ 1
Pyraminx Combined First Round,Trenton Beyer,CO 1
Pyraminx Combined First Round,Ty Marshall,CO 3
Pyraminx Combined First Round,Tyler Howlett,CO 2
Pyraminx Combined First Round,Will Newhoff,CA 3
Pyraminx Combined First Round,Yash Bansal,NV 3
Pyraminx Combined First Round,Zach Goldman,CO 2
Pyraminx Combined First Round,Zachary Clark,AZ 2
Pyraminx Combined First Round,Zander Verhoeven,CA 2
Pyraminx Combined First Round,Zeke Miller,AZ 3
Pyraminx Combined First Round,Ziming Li,AZ 1
Pyraminx Combined First Round,Ziqi Li,CO 2
3x3x3 Cube Combined First Round,Aaron Soni,CO 1
3x3x3 Cube Combined First Round,Aarun Devgan,AZ 1
3x3x3 Cube Combined First Round,Aidan Costello,NV 5
3x3x3 Cube Combined First Round,Akash Anand,AZ 2
3x3x3 Cube Combined First Round,Albert You,CA 1
3x3x3 Cube Combined First Round,Alex Davani,UT 2
3x3x3 Cube Combined First Round,Alex Johnson,CO 5
3x3x3 Cube Combined First Round,Alex Vogel,NV 2
3x3x3 Cube Combined First Round,Alex Yang,AZ 4
3x3x3 Cube Combined First Round,Alexander Tenev,AZ 1
3x3x3 Cube Combined First Round,Andrew Nathenson,CA 1
3x3x3 Cube Combined First Round,Ansuman Somasundaram,CA 4
3x3x3 Cube Combined First Round,Ant Irizarry,CO 4
3x3x3 Cube Combined First Round,Ashley Gray,NV 3
3x3x3 Cube Combined First Round,Austin Chen,CA 5
3x3x3 Cube Combined First Round,Ben Lemkin,CO 3
3x3x3 Cube Combined First Round,Benson Zou,UT 4
3x3x3 Cube Combined First Round,Bill McGaugh,NV 2
3x3x3 Cube Combined First Round,Brandon Lin,UT 3
3x3x3 Cube Combined First Round,Brian Rock,AZ 2
3x3x3 Cube Combined First Round,Bryden Rey Mendoza,CO 3
3x3x3 Cube Combined First Round,Caelen Fry,CA 2
3x3x3 Cube Combined First Round,Calix Tang,UT 5
3x3x3 Cube Combined First Round,Calvin K. Smith,CO 3
3x3x3 Cube Combined First Round,Calvin Le,CA 2
3x3x3 Cube Combined First Round,Calvin Nielson,UT 4
3x3x3 Cube Combined First Round,Cary Huang,CA 4
3x3x3 Cube Combined First Round,Charlie Heffernan,CO 4
3x3x3 Cube Combined First Round,Chase Pehrson,AZ 1
3x3x3 Cube Combined First Round,Chia-Wei Lu,CA 4
3x3x3 Cube Combined First Round,Christian Martin,AZ 2
3x3x3 Cube Combined First Round,Christopher Yen,CA 4
3x3x3 Cube Combined First Round,Colton Johnston,CA 3
3x3x3 Cube Combined First Round,Daniel Lin,NV 4
3x3x3 Cube Combined First Round,Danny SungIn Park,CA 4
3x3x3 Cube Combined First Round,Darius Vossoughi,UT 1
3x3x3 Cube Combined First Round,David Adams,AZ 5
3x3x3 Cube Combined First Round,David Skirmont,UT 1
3x3x3 Cube Combined First Round,Dawson Lam,AZ 4
3x3x3 Cube Combined First Round,Derek Ono,AZ 2
3x3x3 Cube Combined First Round,Devin Corr-Robinett,NV 5
3x3x3 Cube Combined First Round,Diego Asencio,AZ 1
3x3x3 Cube Combined First Round,Dmitri Shabes,AZ 1
3x3x3 Cube Combined First Round,Edward Lin,CO 5
3x3x3 Cube Combined First Round,Efrem Blitz,AZ 5
3x3x3 Cube Combined First Round,Elijah Brown,UT 5
3x3x3 Cube Combined First Round,Elijah M. Perez,CO 3
3x3x3 Cube Combined First Round,Elliot Hawkins,UT 4
3x3x3 Cube Combined First Round,Eric William McGaugh,AZ 1
3x3x3 Cube Combined First Round,Eric Zhao,NV 4
3x3x3 Cube Combined First Round,Ethan Lin,NV 5
3x3x3 Cube Combined First Round,Ethan Littlejohn,AZ 5
3x3x3 Cube Combined First Round,Evan Mann,UT 5
3x3x3 Cube Combined First Round,Gael Ian Flores,CO 1
3x3x3 Cube Combined First Round,Graham Siggins,AZ 5
3x3x3 Cube Combined First Round,Henry McNamara,UT 3
3x3x3 Cube Combined First Round,Hudson Sakai,UT 3
3x3x3 Cube Combined First Round,Huxley Alexander,AZ 1
3x3x3 Cube Combined First Round,Isabella Corona,AZ 5
3x3x3 Cube Combined First Round,Ishaan Agrawal,CA 4
3x3x3 Cube Combined First Round,Jack Leo Wilson,AZ 2
3x3x3 Cube Combined First Round,Jacob Moore,NV 3
3x3x3 Cube Combined First Round,Jacob Posner,NV 4
3x3x3 Cube Combined First Round,Jaden Burkhardt,CO 4
3x3x3 Cube Combined First Round,Jaden Gerstein,NV 1
3x3x3 Cube Combined First Round,Jae Park,CO 2
3x3x3 Cube Combined First Round,James Vanek,UT 1
3x3x3 Cube Combined First Round,Jandell Ryan Ko,CO 3
3x3x3 Cube Combined First Round,Jason Ostdiek,CA 5
3x3x3 Cube Combined First Round,Jeff Park,AZ 4
3x3x3 Cube Combined First Round,Jeongyoon Yeo,UT 2
3x3x3 Cube Combined First Round,Jeremy Benik,CA 2
3x3x3 Cube Combined First Round,Jeremy Fleischman,NV 1
3x3x3 Cube Combined First Round,Jerry Yan,UT 1
3x3x3 Cube Combined First Round,Joe Branch,NV 3
3x3x3 Cube Combined First Round,Jonathan Cookmeyer,CO 4
3x3x3 Cube Combined First Round,Josh Camia,CA 3
3x3x3 Cube Combined First Round,Joshua Mizumoto,NV 2
3x3x3 Cube Combined First Round,Joshua Peach,NV 1
3x3x3 Cube Combined First Round,Jungwoo Kim,UT 5
3x3x3 Cube Combined First Round,Karen Tu,CA 3
3x3x3 Cube Combined First Round,Keaton Ellis,NV 3
3x3x3 Cube Combined First Round,Kenneth Lu,AZ 2
3x3x3 Cube Combined First Round,Kevin Hays,CO 5
3x3x3 Cube Combined First Round,Kevin Matthews,CO 4
3x3x3 Cube Combined First Round,Kian Kwa,NV 4
3x3x3 Cube Combined First Round,Kit Bailey,CO 1
3x3x3 Cube Combined First Round,Kyle Hong,CO 2
3x3x3 Cube Combined First Round,Kyle Lin,CO 2
3x3x3 Cube Combined First Round,Levi Rubin,UT 2
3x3x3 Cube Combined First Round,Logan Reyes,CO 2
3x3x3 Cube Combined First Round,Lucas Mizumoto,CO 3
3x3x3 Cube Combined First Round,Mark Boyanowski,CA 5
3x3x3 Cube Combined First Round,Mark Harris,UT 3
3x3x3 Cube Combined First Round,Mateus Odom,CA 3
3x3x3 Cube Combined First Round,Matthew Dickman,NV 4
3x3x3 Cube Combined First Round,Max Park,CO 5
3x3x3 Cube Combined First Round,Michael Chai,CA 1
3x3x3 Cube Combined First Round,Michael Young,UT 2
3x3x3 Cube Combined First Round,Miguel Diaz,CA 3
3x3x3 Cube Combined First Round,Mitchell Lane,NV 4
3x3x3 Cube Combined First Round,Nathan Nakaguchi,UT 5
3x3x3 Cube Combined First Round,Nathan Peck,NV 5
3x3x3 Cube Combined First Round,Nathan Wu,UT 5
3x3x3 Cube Combined First Round,Nayan Ramam,NV 3
3x3x3 Cube Combined First Round,Neel Gore,CA 2
3x3x3 Cube Combined First Round,Neil Johnson,CO 5
3x3x3 Cube Combined First Round,Nick Anderson,CO 2
3x3x3 Cube Combined First Round,Nicolas Harper,CA 5
3x3x3 Cube Combined First Round,Nitin Subramanian,CA 3
3x3x3 Cube Combined First Round,Pablo Nava,UT 4
3x3x3 Cube Combined First Round,Patric Waworuntu,CA 5
3x3x3 Cube Combined First Round,Paul Mahvi,CA 4
3x3x3 Cube Combined First Round,Pranav Ravindran,NV 1
3x3x3 Cube Combined First Round,Rahil Pasha,UT 2
3x3x3 Cube Combined First Round,Ravi Fernando,NV 3
3x3x3 Cube Combined First Round,Reuben San Luis,AZ 3
3x3x3 Cube Combined First Round,Rider Heise-Pearce,UT 1
3x3x3 Cube Combined First Round,Riley Woo,AZ 4
3x3x3 Cube Combined First Round,Roberto Mateo Valenciano,CA 2
3x3x3 Cube Combined First Round,Ryan Jew,UT 4
3x3x3 Cube Combined First Round,Ryan Lee,CA 5
3x3x3 Cube Combined First Round,Ryan Lynch,AZ 4
3x3x3 Cube Combined First Round,Ryan Woytowitz,NV 5
3x3x3 Cube Combined First Round,Saheb Sabharwal,AZ 5
3x3x3 Cube Combined First Round,Samuel Tong,CA 3
3x3x3 Cube Combined First Round,Satvik Reddy,UT 3
3x3x3 Cube Combined First Round,Scott Weston,CO 4
3x3x3 Cube Combined First Round,Sean Wang,AZ 4
3x3x3 Cube Combined First Round,Shane Grogan,UT 5
3x3x3 Cube Combined First Round,Shane Robertson,AZ 2
3x3x3 Cube Combined First Round,Shawn Azman,NV 4
3x3x3 Cube Combined First Round,Shelley Chang,CA 2
3x3x3 Cube Combined First Round,Siddharth Manchkanti,NV 5
3x3x3 Cube Combined First Round,Sol Goodwin,CA 5
3x3x3 Cube Combined First Round,Sonny Lodato,NV 1
3x3x3 Cube Combined First Round,Sophie Chan,UT 3
3x3x3 Cube Combined First Round,Spencer Lorenzen,NV 2
3x3x3 Cube Combined First Round,Spencer Stutzman,AZ 4
3x3x3 Cube Combined First Round,Stanley Chapel,CO 5
3x3x3 Cube Combined First Round,Stanley Nerkowski IV,CO 1
3x3x3 Cube Combined First Round,Sukumar Reddy Dumpa,NV 1
3x3x3 Cube Combined First Round,Tarang Nair,NV 1
3x3x3 Cube Combined First Round,Tejas Kota,CO 1
3x3x3 Cube Combined First Round,Timothy Castle,UT 4
3x3x3 Cube Combined First Round,Timothy Yoo,CO 1
3x3x3 Cube Combined First Round,Travis G. Kim,CA 1
3x3x3 Cube Combined First Round,Trenton Beyer,NV 2
3x3x3 Cube Combined First Round,Ty Marshall,CO 1
3x3x3 Cube Combined First Round,Tyler Howlett,CO 2
3x3x3 Cube Combined First Round,Ugonna Nwakuche,UT 3
3x3x3 Cube Combined First Round,Uma Unni,UT 2
3x3x3 Cube Combined First Round,Uzoma Nwakuche,CO 2
3x3x3 Cube Combined First Round,Wendy Rock,UT 1
3x3x3 Cube Combined First Round,Will Newhoff,CO 5
3x3x3 Cube Combined First Round,Yash Bansal,NV 5
3x3x3 Cube Combined First Round,Zach Goldman,CO 3
3x3x3 Cube Combined First Round,Zachary Clark,AZ 5
3x3x3 Cube Combined First Round,Zander Verhoeven,NV 3
3x3x3 Cube Combined First Round,Zeke Miller,CO 4
3x3x3 Cube Combined First Round,Ziming Li,NV 2
3x3x3 Cube Combined First Round,Ziqi Li,UT 4
4x4x4 Blindfolded,Brandon Lin,HI 1
4x4x4 Blindfolded,Calvin Nielson,HI 1
4x4x4 Blindfolded,Cary Huang,HI 1
4x4x4 Blindfolded,Graham Siggins,HI 1
4x4x4 Blindfolded,Jonathan Cookmeyer,HI 1
4x4x4 Blindfolded,Mark Boyanowski,HI 1
4x4x4 Blindfolded,Nitin Subramanian,HI 1
4x4x4 Blindfolded,Riley Woo,HI 1
4x4x4 Blindfolded,Ryan Jew,HI 1
4x4x4 Blindfolded,Shelley Chang,HI 1
4x4x4 Blindfolded,Stanley Chapel,HI 1
4x4x4 Blindfolded,Andrew Nathenson,HI 2
4x4x4 Blindfolded,Jae Park,HI 2
4x4x4 Blindfolded,Jeff Park,HI 2
4x4x4 Blindfolded,Matthew Dickman,HI 2
4x4x4 Blindfolded,Neel Gore,HI 2
4x4x4 Blindfolded,Alex Davani,HI 3
4x4x4 Blindfolded,Daniel Lin,HI 3
4x4x4 Blindfolded,Danny SungIn Park,HI 3
4x4x4 Blindfolded,Jacob Posner,HI 3
4x4x4 Blindfolded,Michael Young,HI 3
4x4x4 Blindfolded,Shane Grogan,HI 3
3x3x3 One-Handed Combined First Round,Aidan Costello,UT 2
3x3x3 One-Handed Combined First Round,Alex Davani,0
3x3x3 One-Handed Combined First Round,Alex Yang,AZ 2
3x3x3 One-Handed Combined First Round,Andrew Nathenson,0
3x3x3 One-Handed Combined First Round,Ant Irizarry,CA 1
3x3x3 One-Handed Combined First Round,Austin Chen,CA 2
3x3x3 One-Handed Combined First Round,Benson Zou,AZ 2
3x3x3 One-Handed Combined First Round,Brandon Lin,0
3x3x3 One-Handed Combined First Round,Bryden Rey Mendoza,CO 1
3x3x3 One-Handed Combined First Round,Calix Tang,AZ 2
3x3x3 One-Handed Combined First Round,Calvin K. Smith,UT 2
3x3x3 One-Handed Combined First Round,Calvin Nielson,0
3x3x3 One-Handed Combined First Round,Cary Huang,0
3x3x3 One-Handed Combined First Round,Charlie Heffernan,CA 1
3x3x3 One-Handed Combined First Round,Chia-Wei Lu,NV 1
3x3x3 One-Handed Combined First Round,Christian Martin,0
3x3x3 One-Handed Combined First Round,Christopher Yen,0
3x3x3 One-Handed Combined First Round,Colton Johnston,NV 1
3x3x3 One-Handed Combined First Round,Danny SungIn Park,0
3x3x3 One-Handed Combined First Round,Dawson Lam,UT 1
3x3x3 One-Handed Combined First Round,Devin Corr-Robinett,CO 2
3x3x3 One-Handed Combined First Round,Edward Lin,CO 2
3x3x3 One-Handed Combined First Round,Efrem Blitz,NV 2
3x3x3 One-Handed Combined First Round,Elijah Brown,UT 2
3x3x3 One-Handed Combined First Round,Elijah M. Perez,AZ 1
3x3x3 One-Handed Combined First Round,Eric Zhao,0
3x3x3 One-Handed Combined First Round,Ethan Lin,UT 2
3x3x3 One-Handed Combined First Round,Ethan Littlejohn,UT 2
3x3x3 One-Handed Combined First Round,Evan Mann,AZ 2
3x3x3 One-Handed Combined First Round,Gael Ian Flores,NV 1
3x3x3 One-Handed Combined First Round,Graham Siggins,CA 2
3x3x3 One-Handed Combined First Round,Henry McNamara,AZ 1
3x3x3 One-Handed Combined First Round,Hudson Sakai,NV 2
3x3x3 One-Handed Combined First Round,Isabella Corona,AZ 2
3x3x3 One-Handed Combined First Round,Jack Leo Wilson,CA 1
3x3x3 One-Handed Combined First Round,Jacob Moore,NV 1
3x3x3 One-Handed Combined First Round,Jacob Posner,0
3x3x3 One-Handed Combined First Round,Jaden Burkhardt,AZ 2
3x3x3 One-Handed Combined First Round,Jandell Ryan Ko,UT 1
3x3x3 One-Handed Combined First Round,Jason Ostdiek,NV 2
3x3x3 One-Handed Combined First Round,Jeff Park,0
3x3x3 One-Handed Combined First Round,Jeremy Benik,0
3x3x3 One-Handed Combined First Round,Jeremy Fleischman,0
3x3x3 One-Handed Combined First Round,Joe Branch,UT 1
3x3x3 One-Handed Combined First Round,Jonathan Cookmeyer,0
3x3x3 One-Handed Combined First Round,Josh Camia,CA 1
3x3x3 One-Handed Combined First Round,Jungwoo Kim,CA 2
3x3x3 One-Handed Combined First Round,Karen Tu,CO 1
3x3x3 One-Handed Combined First Round,Keaton Ellis,0
3x3x3 One-Handed Combined First Round,Kevin Hays,CO 2
3x3x3 One-Handed Combined First Round,Kevin Matthews,0
3x3x3 One-Handed Combined First Round,Kian Kwa,AZ 1
3x3x3 One-Handed Combined First Round,Mark Boyanowski,CA 2
3x3x3 One-Handed Combined First Round,Matthew Dickman,0
3x3x3 One-Handed Combined First Round,Max Park,CO 2
3x3x3 One-Handed Combined First Round,Michael Chai,0
3x3x3 One-Handed Combined First Round,Michael Young,0
3x3x3 One-Handed Combined First Round,Miguel Diaz,UT 1
3x3x3 One-Handed Combined First Round,Mitchell Lane,0
3x3x3 One-Handed Combined First Round,Nathan Nakaguchi,NV 2
3x3x3 One-Handed Combined First Round,Nathan Peck,AZ 2
3x3x3 One-Handed Combined First Round,Nathan Wu,CO 2
3x3x3 One-Handed Combined First Round,Neel Gore,0
3x3x3 One-Handed Combined First Round,Neil Johnson,CO 1
3x3x3 One-Handed Combined First Round,Nick Anderson,NV 1
3x3x3 One-Handed Combined First Round,Nicolas Harper,NV 2
3x3x3 One-Handed Combined First Round,Nitin Subramanian,0
3x3x3 One-Handed Combined First Round,Pablo Nava,CA 1
3x3x3 One-Handed Combined First Round,Paul Mahvi,0
3x3x3 One-Handed Combined First Round,Ravi Fernando,AZ 1
3x3x3 One-Handed Combined First Round,Reuben San Luis,CA 2
3x3x3 One-Handed Combined First Round,Riley Woo,CA 2
3x3x3 One-Handed Combined First Round,Ryan Jew,0
3x3x3 One-Handed Combined First Round,Ryan Lee,UT 2
3x3x3 One-Handed Combined First Round,Ryan Lynch,UT 1
3x3x3 One-Handed Combined First Round,Ryan Woytowitz,NV 2
3x3x3 One-Handed Combined First Round,Saheb Sabharwal,CO 1
3x3x3 One-Handed Combined First Round,Scott Weston,UT 2
3x3x3 One-Handed Combined First Round,Sean Wang,AZ 1
3x3x3 One-Handed Combined First Round,Shane Grogan,CO 2
3x3x3 One-Handed Combined First Round,Shane Robertson,CO 1
3x3x3 One-Handed Combined First Round,Siddharth Manchkanti,NV 2
3x3x3 One-Handed Combined First Round,Spencer Lorenzen,CA 1
3x3x3 One-Handed Combined First Round,Spencer Stutzman,CO 1
3x3x3 One-Handed Combined First Round,Stanley Chapel,CA 2
3x3x3 One-Handed Combined First Round,Stanley Nerkowski IV,0
3x3x3 One-Handed Combined First Round,Timothy Castle,UT 1
3x3x3 One-Handed Combined First Round,Ty Marshall,0
3x3x3 One-Handed Combined First Round,Tyler Howlett,0
3x3x3 One-Handed Combined First Round,Uma Unni,0
3x3x3 One-Handed Combined First Round,Will Newhoff,CO 2
3x3x3 One-Handed Combined First Round,Yash Bansal,NV 1
3x3x3 One-Handed Combined First Round,Zach Goldman,0
3x3x3 One-Handed Combined First Round,Zander Verhoeven,CA 1
3x3x3 One-Handed Combined First Round,Zeke Miller,UT 1
3x3x3 One-Handed Combined First Round,Ziqi Li,AZ 1
Square-1 Combined First Round,Aidan Costello,AZ 1
Square-1 Combined First Round,Alex Davani,0
Square-1 Combined First Round,Alex Yang,AZ 1
Square-1 Combined First Round,Andrew Nathenson,0
Square-1 Combined First Round,Brandon Harnish,0
Square-1 Combined First Round,Brandon Lin,0
Square-1 Combined First Round,Bryden Rey Mendoza,CA 1
Square-1 Combined First Round,Calvin Nielson,0
Square-1 Combined First Round,Cary Huang,0
Square-1 Combined First Round,Christian Martin,0
Square-1 Combined First Round,Christopher Yen,0
Square-1 Combined First Round,Devin Corr-Robinett,NV 1
Square-1 Combined First Round,Efrem Blitz,CO 1
Square-1 Combined First Round,Elijah Brown,CA 1
Square-1 Combined First Round,Elijah M. Perez,NV 1
Square-1 Combined First Round,Eric Zhao,0
Square-1 Combined First Round,Ethan Littlejohn,CA 1
Square-1 Combined First Round,Evan Mann,NV 1
Square-1 Combined First Round,Graham Siggins,CO 1
Square-1 Combined First Round,Henry McNamara,AZ 1
Square-1 Combined First Round,Hudson Sakai,AZ 1
Square-1 Combined First Round,Isabella Corona,CO 1
Square-1 Combined First Round,Ishaan Agrawal,UT 1
Square-1 Combined First Round,Jack Leo Wilson,CA 1
Square-1 Combined First Round,Jacob Moore,NV 1
Square-1 Combined First Round,Jacob Posner,0
Square-1 Combined First Round,Jason Ostdiek,NV 1
Square-1 Combined First Round,Jeremy Benik,0
Square-1 Combined First Round,Joe Branch,UT 1
Square-1 Combined First Round,Jonathan Cookmeyer,0
Square-1 Combined First Round,Jungwoo Kim,CA 1
Square-1 Combined First Round,Keaton Ellis,0
Square-1 Combined First Round,Mark Boyanowski,UT 1
Square-1 Combined First Round,Matthew Dickman,0
Square-1 Combined First Round,Michael Young,0
Square-1 Combined First Round,Miguel Diaz,AZ 1
Square-1 Combined First Round,Mitchell Lane,0
Square-1 Combined First Round,Nathan Nakaguchi,UT 1
Square-1 Combined First Round,Nathan Peck,CA 1
Square-1 Combined First Round,Neil Johnson,CO 1
Square-1 Combined First Round,Nick Anderson,CA 1
Square-1 Combined First Round,Nicolas Harper,CO 1
Square-1 Combined First Round,Paul Mahvi,0
Square-1 Combined First Round,Riley Woo,AZ 1
Square-1 Combined First Round,Ryan Jew,0
Square-1 Combined First Round,Ryan Woytowitz,CA 1
Square-1 Combined First Round,Samuel Tong,UT 1
Square-1 Combined First Round,Scott Weston,UT 1
Square-1 Combined First Round,Sean Wang,AZ 1
Square-1 Combined First Round,Shane Grogan,NV 1
Square-1 Combined First Round,Shane Robertson,UT 1
Square-1 Combined First Round,Shelley Chang,0
Square-1 Combined First Round,Siddharth Manchkanti,AZ 1
Square-1 Combined First Round,Sophie Chan,CO 1
Square-1 Combined First Round,Spencer Stutzman,NV 1
Square-1 Combined First Round,Stanley Chapel,CO 1
Square-1 Combined First Round,Stanley Nerkowski IV,0
Square-1 Combined First Round,Timothy Castle,NV 1
Square-1 Combined First Round,Ty Marshall,0
Square-1 Combined First Round,Tyler Howlett,0
Square-1 Combined First Round,Will Newhoff,CO 1
Square-1 Combined First Round,Zachary Clark,CA 1
Square-1 Combined First Round,Zeke Miller,UT 1
Square-1 Combined First Round,Ziqi Li,NV 1
2x2x2 Cube Combined First Round,Aarun Devgan,NV 1
2x2x2 Cube Combined First Round,Aidan Costello,NV 3
2x2x2 Cube Combined First Round,Akash Anand,UT 1
2x2x2 Cube Combined First Round,Alex Davani,NV 4
2x2x2 Cube Combined First Round,Alex Johnson,CO 4
2x2x2 Cube Combined First Round,Alex Vogel,AZ 1
2x2x2 Cube Combined First Round,Alex Yang,NV 3
2x2x2 Cube Combined First Round,Alexander Tenev,NV 1
2x2x2 Cube Combined First Round,Andrew Nathenson,AZ 2
2x2x2 Cube Combined First Round,Ant Irizarry,UT 4
2x2x2 Cube Combined First Round,Ashley Gray,CO 1
2x2x2 Cube Combined First Round,Austin Chen,UT 4
2x2x2 Cube Combined First Round,Ben Lemkin,UT 2
2x2x2 Cube Combined First Round,Brandon Lin,CO 2
2x2x2 Cube Combined First Round,Bryden Rey Mendoza,AZ 1
2x2x2 Cube Combined First Round,Caelen Fry,CA 2
2x2x2 Cube Combined First Round,Calix Tang,UT 3
2x2x2 Cube Combined First Round,Calvin K. Smith,NV 2
2x2x2 Cube Combined First Round,Calvin Nielson,UT 1
2x2x2 Cube Combined First Round,Cary Huang,CA 2
2x2x2 Cube Combined First Round,Charlie Heffernan,AZ 3
2x2x2 Cube Combined First Round,Chase Pehrson,CA 1
2x2x2 Cube Combined First Round,Chia-Wei Lu,CA 2
2x2x2 Cube Combined First Round,Christian Martin,CA 2
2x2x2 Cube Combined First Round,Christopher Yen,CA 4
2x2x2 Cube Combined First Round,Colton Johnston,CO 2
2x2x2 Cube Combined First Round,Danny SungIn Park,CA 4
2x2x2 Cube Combined First Round,Darius Vossoughi,NV 1
2x2x2 Cube Combined First Round,David Skirmont,NV 1
2x2x2 Cube Combined First Round,Dawson Lam,CO 2
2x2x2 Cube Combined First Round,Derek Ono,UT 2
2x2x2 Cube Combined First Round,Devin Corr-Robinett,UT 3
2x2x2 Cube Combined First Round,Diego Asencio,CA 1
2x2x2 Cube Combined First Round,Efrem Blitz,AZ 4
2x2x2 Cube Combined First Round,Elijah Brown,CO 4
2x2x2 Cube Combined First Round,Elijah M. Perez,CO 3
2x2x2 Cube Combined First Round,Elliot Hawkins,NV 3
2x2x2 Cube Combined First Round,Eric William McGaugh,CA 1
2x2x2 Cube Combined First Round,Eric Zhao,AZ 2
2x2x2 Cube Combined First Round,Ethan Lin,NV 4
2x2x2 Cube Combined First Round,Ethan Littlejohn,UT 3
2x2x2 Cube Combined First Round,Evan Mann,UT 4
2x2x2 Cube Combined First Round,Gael Ian Flores,AZ 1
2x2x2 Cube Combined First Round,Giovanni Lando,CA 1
2x2x2 Cube Combined First Round,Graham Siggins,AZ 4
2x2x2 Cube Combined First Round,Henry McNamara,CA 3
2x2x2 Cube Combined First Round,Hudson Sakai,UT 2
2x2x2 Cube Combined First Round,Huxley Alexander,CA 1
2x2x2 Cube Combined First Round,Isabella Corona,CO 3
2x2x2 Cube Combined First Round,Jack Leo Wilson,CO 1
2x2x2 Cube Combined First Round,Jacob Moore,AZ 2
2x2x2 Cube Combined First Round,Jacob Posner,CA 4
2x2x2 Cube Combined First Round,Jaden Burkhardt,UT 3
2x2x2 Cube Combined First Round,Jaden Gerstein,NV 1
2x2x2 Cube Combined First Round,James Vanek,AZ 1
2x2x2 Cube Combined First Round,Jason Ostdiek,CO 3
2x2x2 Cube Combined First Round,Jeff Park,CO 1
2x2x2 Cube Combined First Round,Jeongyoon Yeo,AZ 1
2x2x2 Cube Combined First Round,Jeremy Benik,NV 2
2x2x2 Cube Combined First Round,Jeremy Fleischman,NV 4
2x2x2 Cube Combined First Round,Jerry Yan,NV 1
2x2x2 Cube Combined First Round,Joe Branch,CA 3
2x2x2 Cube Combined First Round,Jonathan Cookmeyer,CO 1
2x2x2 Cube Combined First Round,Josh Camia,AZ 1
2x2x2 Cube Combined First Round,Joshua Mizumoto,AZ 1
2x2x2 Cube Combined First Round,Joshua Peach,UT 1
2x2x2 Cube Combined First Round,Jungwoo Kim,UT 4
2x2x2 Cube Combined First Round,Keaton Ellis,UT 1
2x2x2 Cube Combined First Round,Kevin Matthews,NV 4
2x2x2 Cube Combined First Round,Kian Kwa,NV 3
2x2x2 Cube Combined First Round,Kit Bailey,CO 1
2x2x2 Cube Combined First Round,Kyle Hong,CA 2
2x2x2 Cube Combined First Round,Kyle Lin,NV 2
2x2x2 Cube Combined First Round,Logan Reyes,NV 2
2x2x2 Cube Combined First Round,Lucas Mizumoto,AZ 2
2x2x2 Cube Combined First Round,Mark Boyanowski,AZ 4
2x2x2 Cube Combined First Round,Mateus Odom,CA 3
2x2x2 Cube Combined First Round,Matthew Dickman,CA 3
2x2x2 Cube Combined First Round,Michael Chai,CA 1
2x2x2 Cube Combined First Round,Michael Young,UT 3
2x2x2 Cube Combined First Round,Miguel Diaz,UT 1
2x2x2 Cube Combined First Round,Mitchell Lane,NV 4
2x2x2 Cube Combined First Round,Nathan Nakaguchi,CO 4
2x2x2 Cube Combined First Round,Nathan Peck,AZ 3
2x2x2 Cube Combined First Round,Nathan Wu,UT 4
2x2x2 Cube Combined First Round,Nayan Ramam,CO 2
2x2x2 Cube Combined First Round,Neel Gore,CA 4
2x2x2 Cube Combined First Round,Neil Johnson,CO 4
2x2x2 Cube Combined First Round,Nick Anderson,CO 2
2x2x2 Cube Combined First Round,Nicolas Harper,UT 4
2x2x2 Cube Combined First Round,Nitin Subramanian,CA 3
2x2x2 Cube Combined First Round,Pablo Nava,CA 2
2x2x2 Cube Combined First Round,Patric Waworuntu,UT 1
2x2x2 Cube Combined First Round,Paul Mahvi,AZ 3
2x2x2 Cube Combined First Round,Rahil Pasha,CA 2
2x2x2 Cube Combined First Round,Reuben San Luis,UT 2
2x2x2 Cube Combined First Round,Rider Heise-Pearce,NV 1
2x2x2 Cube Combined First Round,Riley Woo,CO 4
2x2x2 Cube Combined First Round,Ryan Jew,CA 4
2x2x2 Cube Combined First Round,Ryan Lee,AZ 3
2x2x2 Cube Combined First Round,Ryan Lynch,CO 1
2x2x2 Cube Combined First Round,Ryan Woytowitz,AZ 3
2x2x2 Cube Combined First Round,Saheb Sabharwal,AZ 4
2x2x2 Cube Combined First Round,Samuel Tong,AZ 2
2x2x2 Cube Combined First Round,Satvik Reddy,NV 2
2x2x2 Cube Combined First Round,Scott Weston,NV 4
2x2x2 Cube Combined First Round,Sean Wang,UT 2
2x2x2 Cube Combined First Round,Shane Grogan,CO 4
2x2x2 Cube Combined First Round,Shane Robertson,NV 2
2x2x2 Cube Combined First Round,Siddharth Manchkanti,AZ 4
2x2x2 Cube Combined First Round,Sonny Lodato,AZ 2
2x2x2 Cube Combined First Round,Sophie Chan,CA 1
2x2x2 Cube Combined First Round,Spencer Lorenzen,AZ 2
2x2x2 Cube Combined First Round,Spencer Stutzman,UT 3
2x2x2 Cube Combined First Round,Stanley Chapel,CO 4
2x2x2 Cube Combined First Round,Stanley Nerkowski IV,CO 3
2x2x2 Cube Combined First Round,Tegshburen Tunamal,UT 2
2x2x2 Cube Combined First Round,Timothy Castle,NV 3
2x2x2 Cube Combined First Round,Trenton Beyer,CO 1
2x2x2 Cube Combined First Round,Ty Marshall,CO 3
2x2x2 Cube Combined First Round,Tyler Howlett,NV 2
2x2x2 Cube Combined First Round,Ugonna Nwakuche,CO 3
2x2x2 Cube Combined First Round,Uma Unni,CA 3
2x2x2 Cube Combined First Round,Will Newhoff,UT 4
2x2x2 Cube Combined First Round,Xander Mundy,CO 2
2x2x2 Cube Combined First Round,Yash Bansal,AZ 3
2x2x2 Cube Combined First Round,Zach Goldman,CO 2
2x2x2 Cube Combined First Round,Zachary Clark,UT 2
2x2x2 Cube Combined First Round,Zander Verhoeven,NV 3
2x2x2 Cube Combined First Round,Zeke Miller,AZ 4
2x2x2 Cube Combined First Round,Ziming Li,UT 1
2x2x2 Cube Combined First Round,Ziqi Li,CA 4
3x3x3 Blindfolded Round 1,Alex Davani,0
3x3x3 Blindfolded Round 1,Andrew Nathenson,0
3x3x3 Blindfolded Round 1,Bill McGaugh,CA 1
3x3x3 Blindfolded Round 1,Brandon Harnish,0
3x3x3 Blindfolded Round 1,Brandon Lin,0
3x3x3 Blindfolded Round 1,Calvin Nielson,0
3x3x3 Blindfolded Round 1,Cary Huang,0
3x3x3 Blindfolded Round 1,Chia-Wei Lu,0
3x3x3 Blindfolded Round 1,Daniel Lin,CO 1
3x3x3 Blindfolded Round 1,Danny SungIn Park,0
3x3x3 Blindfolded Round 1,David Adams,CA 1
3x3x3 Blindfolded Round 1,Devin Corr-Robinett,CA 1
3x3x3 Blindfolded Round 1,Elijah Brown,CA 1
3x3x3 Blindfolded Round 1,Evan Mann,NV 1
3x3x3 Blindfolded Round 1,Graham Siggins,CO 1
3x3x3 Blindfolded Round 1,Hudson Sakai,NV 1
3x3x3 Blindfolded Round 1,Ishaan Agrawal,CO 1
3x3x3 Blindfolded Round 1,Jacob Posner,0
3x3x3 Blindfolded Round 1,Jae Park,0
3x3x3 Blindfolded Round 1,Jason Ostdiek,NV 1
3x3x3 Blindfolded Round 1,Jeff Park,CO 1
3x3x3 Blindfolded Round 1,Jonathan Cookmeyer,0
3x3x3 Blindfolded Round 1,Jungwoo Kim,NV 1
3x3x3 Blindfolded Round 1,Keaton Ellis,0
3x3x3 Blindfolded Round 1,Kevin Matthews,0
3x3x3 Blindfolded Round 1,Mark Boyanowski,CO 1
3x3x3 Blindfolded Round 1,Matthew Dickman,0
3x3x3 Blindfolded Round 1,Michael Young,0
3x3x3 Blindfolded Round 1,Nathan Wu,AZ 1
3x3x3 Blindfolded Round 1,Neel Gore,0
3x3x3 Blindfolded Round 1,Nitin Subramanian,0
3x3x3 Blindfolded Round 1,Paul Mahvi,0
3x3x3 Blindfolded Round 1,Riley Woo,AZ 1
3x3x3 Blindfolded Round 1,Ryan Jew,0
3x3x3 Blindfolded Round 1,Scott Weston,AZ 1
3x3x3 Blindfolded Round 1,Shane Grogan,UT 1
3x3x3 Blindfolded Round 1,Shelley Chang,AZ 1
3x3x3 Blindfolded Round 1,Siddharth Manchkanti,UT 1
3x3x3 Blindfolded Round 1,Spencer Stutzman,UT 1
3x3x3 Blindfolded Round 1,Stanley Chapel,CO 1
3x3x3 Blindfolded Round 1,Ty Marshall,0
3x3x3 Blindfolded Round 1,Tyler Howlett,0
3x3x3 Blindfolded Round 1,Ziqi Li,UT 1
5x5x5 Cube Combined First Round,Albert You,0
5x5x5 Cube Combined First Round,Alex Davani,0
5x5x5 Cube Combined First Round,Alex Johnson,UT 2
5x5x5 Cube Combined First Round,Alex Yang,NV 1
5x5x5 Cube Combined First Round,Andrew Nathenson,0
5x5x5 Cube Combined First Round,Ansuman Somasundaram,0
5x5x5 Cube Combined First Round,Ant Irizarry,AZ 2
5x5x5 Cube Combined First Round,Brandon Lin,0
5x5x5 Cube Combined First Round,Bryden Rey Mendoza,AZ 1
5x5x5 Cube Combined First Round,Calix Tang,CA 1
5x5x5 Cube Combined First Round,Calvin Nielson,0
5x5x5 Cube Combined First Round,Cary Huang,0
5x5x5 Cube Combined First Round,Chia-Wei Lu,0
5x5x5 Cube Combined First Round,Christian Martin,0
5x5x5 Cube Combined First Round,Christopher Yen,0
5x5x5 Cube Combined First Round,Colton Johnston,CA 1
5x5x5 Cube Combined First Round,Danny SungIn Park,0
5x5x5 Cube Combined First Round,David Adams,CO 2
5x5x5 Cube Combined First Round,Dawson Lam,CO 1
5x5x5 Cube Combined First Round,Devin Corr-Robinett,UT 1
5x5x5 Cube Combined First Round,Edward Lin,CO 2
5x5x5 Cube Combined First Round,Efrem Blitz,UT 2
5x5x5 Cube Combined First Round,Elijah Brown,UT 1
5x5x5 Cube Combined First Round,Eric Zhao,0
5x5x5 Cube Combined First Round,Ethan Lin,NV 1
5x5x5 Cube Combined First Round,Ethan Littlejohn,UT 2
5x5x5 Cube Combined First Round,Graham Siggins,CA 2
5x5x5 Cube Combined First Round,Henry McNamara,UT 1
5x5x5 Cube Combined First Round,Hudson Sakai,AZ 1
5x5x5 Cube Combined First Round,Isabella Corona,AZ 2
5x5x5 Cube Combined First Round,Jack Leo Wilson,NV 1
5x5x5 Cube Combined First Round,Jacob Posner,0
5x5x5 Cube Combined First Round,Jaden Burkhardt,AZ 1
5x5x5 Cube Combined First Round,Jason Ostdiek,CA 2
5x5x5 Cube Combined First Round,Jeremy Benik,0
5x5x5 Cube Combined First Round,Jeremy Fleischman,0
5x5x5 Cube Combined First Round,Joe Branch,CO 1
5x5x5 Cube Combined First Round,Jonathan Cookmeyer,0
5x5x5 Cube Combined First Round,Jungwoo Kim,CA 2
5x5x5 Cube Combined First Round,Keaton Ellis,0
5x5x5 Cube Combined First Round,Kevin Hays,CO 2
5x5x5 Cube Combined First Round,Kevin Matthews,0
5x5x5 Cube Combined First Round,Kian Kwa,CA 1
5x5x5 Cube Combined First Round,Mark Boyanowski,NV 2
5x5x5 Cube Combined First Round,Matthew Dickman,0
5x5x5 Cube Combined First Round,Max Park,CO 2
5x5x5 Cube Combined First Round,Michael Chai,0
5x5x5 Cube Combined First Round,Michael Young,0
5x5x5 Cube Combined First Round,Mitchell Lane,0
5x5x5 Cube Combined First Round,Nathan Nakaguchi,CO 1
5x5x5 Cube Combined First Round,Nathan Peck,CO 2
5x5x5 Cube Combined First Round,Nathan Wu,AZ 2
5x5x5 Cube Combined First Round,Neel Gore,0
5x5x5 Cube Combined First Round,Neil Johnson,AZ 1
5x5x5 Cube Combined First Round,Nicolas Harper,AZ 2
5x5x5 Cube Combined First Round,Nitin Subramanian,0
5x5x5 Cube Combined First Round,Patric Waworuntu,CO 1
5x5x5 Cube Combined First Round,Paul Mahvi,0
5x5x5 Cube Combined First Round,Riley Woo,NV 2
5x5x5 Cube Combined First Round,Ryan Jew,0
5x5x5 Cube Combined First Round,Ryan Woytowitz,UT 1
5x5x5 Cube Combined First Round,Scott Weston,AZ 1
5x5x5 Cube Combined First Round,Sean Wang,NV 1
5x5x5 Cube Combined First Round,Shane Grogan,NV 2
5x5x5 Cube Combined First Round,Siddharth Manchkanti,CA 2
5x5x5 Cube Combined First Round,Sophie Chan,0
5x5x5 Cube Combined First Round,Spencer Stutzman,NV 2
5x5x5 Cube Combined First Round,Stanley Chapel,CA 2
5x5x5 Cube Combined First Round,Stanley Nerkowski IV,0
5x5x5 Cube Combined First Round,Timothy Castle,NV 1
5x5x5 Cube Combined First Round,Ty Marshall,0
5x5x5 Cube Combined First Round,Tyler Howlett,0
5x5x5 Cube Combined First Round,Will Newhoff,UT 2
5x5x5 Cube Combined First Round,Yash Bansal,CA 1
5x5x5 Cube Combined First Round,Zach Goldman,0
5x5x5 Cube Combined First Round,Zachary Clark,CO 1
5x5x5 Cube Combined First Round,Zeke Miller,UT 1
